{"cameraMode":{"drawMode":0,"name":"Shaded","section":"Shading Mode"},"sceneLighting":false,"audioPlay":false,"sceneViewState":{"m_AlwaysRefresh":false,"showFog":true,"showSkybox":false,"showFlares":true,"showImageEffects":true,"showParticleSystems":true,"showVisualEffectGraphs":true,"m_FxEnabled":true},"in2DMode":false,"pivot":{"x":-0.2590608596801758,"y":0.36155128479003909,"z":0.7118384838104248},"rotation":{"x":-0.0382523275911808,"y":0.9519480466842651,"z":-0.27302542328834536,"w":-0.13337278366088868},"size":1.611227035522461,"orthographic":false}