{"cameraMode":{"drawMode":0,"name":"Shaded","section":"Shading Mode"},"sceneLighting":false,"audioPlay":false,"sceneViewState":{"m_AlwaysRefresh":false,"showFog":true,"showSkybox":false,"showFlares":true,"showImageEffects":true,"showParticleSystems":true,"showVisualEffectGraphs":true,"m_FxEnabled":true},"in2DMode":false,"pivot":{"x":-0.2006136178970337,"y":2.136507749557495,"z":0.9226839542388916},"rotation":{"x":0.0012027602642774582,"y":-0.9986005425453186,"z":0.02997218258678913,"w":0.04373631626367569},"size":1.2046033143997193,"orthographic":true}