{"cameraMode":{"drawMode":0,"name":"Shaded","section":"Shading Mode"},"sceneLighting":true,"audioPlay":false,"sceneViewState":{"m_AlwaysRefresh":false,"showFog":true,"showSkybox":true,"showFlares":true,"showImageEffects":true,"showParticleSystems":true,"showVisualEffectGraphs":true,"m_FxEnabled":true},"in2DMode":false,"pivot":{"x":7.319418430328369,"y":7.405898094177246,"z":21.423866271972658},"rotation":{"x":0.05236605182290077,"y":-0.7374004125595093,"z":0.05770508944988251,"w":0.6709824204444885},"size":25.396163940429689,"orthographic":true}