{"cameraMode":{"drawMode":0,"name":"Shaded","section":"Shading Mode"},"sceneLighting":true,"audioPlay":false,"sceneViewState":{"m_AlwaysRefresh":false,"showFog":true,"showSkybox":true,"showFlares":true,"showImageEffects":true,"showParticleSystems":true,"showVisualEffectGraphs":true,"m_FxEnabled":true},"in2DMode":false,"pivot":{"x":0.3582369089126587,"y":1.3997772932052613,"z":5.11256217956543},"rotation":{"x":0.007317781448364258,"y":-0.9869459867477417,"z":0.15371397137641908,"w":0.047689419239759448},"size":11.231414794921875,"orthographic":true}