{"cameraMode":{"drawMode":0,"name":"Shaded","section":"Shading Mode"},"sceneLighting":true,"audioPlay":false,"sceneViewState":{"m_AlwaysRefresh":false,"showFog":true,"showSkybox":true,"showFlares":true,"showImageEffects":true,"showParticleSystems":true,"showVisualEffectGraphs":true,"m_FxEnabled":true},"in2DMode":false,"pivot":{"x":-0.7684150338172913,"y":0.6377471685409546,"z":0.3179834187030792},"rotation":{"x":0.002035965211689472,"y":-0.9977862238883972,"z":0.03893950581550598,"w":0.05420041084289551},"size":2.9326865673065187,"orthographic":true}